Estelle,Treutel,selena_johnston@zemlak.name,1-417-120-0326,2015-10-27 13:54:55 -0600
Jaquan,Langworth,antonetta_quigley@rempel.org,703-872-7051,2015-10-27 13:54:55 -0600
Kari,Muller,antonietta@sengerrippin.com,881-473-2406,2015-10-27 13:54:55 -0600
Kenna,Feest,te.smitham@prohaskamurray.com,161-522-2269,2015-10-27 13:54:55 -0600
Brianne,Metz,christ@schulistschinner.co,(716) 330-3775,2015-10-27 13:54:55 -0600
Kathleen,Schneider,montana@nienow.net,1-889-420-1399,2015-10-27 13:54:55 -0600
Estel,Wunsch,shemar.stracke@ziemetreutel.com,1-894-768-7470,2015-10-27 13:54:55 -0600
Stewart,Jacobson,raphaelle@bergstrom.org,488-700-0592,2015-10-27 13:54:55 -0600
Icie,Bechtelar,ernie@brown.com,1-328-399-2754,2015-10-27 13:54:55 -0600
Dejon,Davis,natalia_ziemann@lednergerlach.net,1-468-829-3881,2015-10-27 13:54:55 -0600
Nash,Jakubowski,brandyn@bayer.net,497-660-2355,2015-10-27 13:54:55 -0600
Schuyler,Becker,kaandra.hyatt@herzog.biz,660.063.0033,2015-10-27 13:54:55 -0600
Camilla,Klein,precious@powlowski.org,571-345-4631,2015-10-27 13:54:55 -0600
Roscoe,Pagac,vidal_willms@aufderhar.com,(281) 963-3844,2015-10-27 13:54:55 -0600
Jeremie,Walter,gerson@stark.io,(192) 942-3198,2015-10-27 13:54:55 -0600
Noemie,Lemke,lenny.bogan@konopelskischaden.name,(291) 432-5664,2015-10-27 13:54:55 -0600
Marilie,Cronin,roberto.effertz@willms.org,847-721-7459,2015-10-27 13:54:55 -0600
Koby,Renner,casimer_mraz@feeneygreenfelder.co,329.539.2548,2015-10-27 13:54:55 -0600
Margarette,Dickinson,merl@lindgrenlubowitz.net,1-134-604-5944,2015-10-27 13:54:55 -0600
Abe,Fritsch,tatum.mcglynn@bechtelar.net,564.154.1443,2015-10-27 13:54:55 -0600
